Sample	in_pv_10
BBH-1-125	False
BBH_1_132	False
BBH_1_137	False
BBH_1_153	False
BBH_1_162	False
Brazil01	False
Brazil02	False
Brazil03	False
Brazil08	False
Brazil12	False
Brazil13	False
Brazil15	False
Brazil17	False
Brazil22	False
Brazil24	False
Brazil25	False
Brazil27	False
Brazil29	False
Brazil30	False
Brazil31	False
Brazil32	False
Brazil33	False
Brazil34	False
Brazil35	False
Brazil87	False
Brazil_Belem	False
Brazil_I	False
Colombia_30101099036	False
Colombia_30101099038	False
Colombia_30101099040	False
Colombia_30102100437	False
Colombia_30102100438-A	False
Colombia_30102100438-B	False
Colombia_30102100439	False
Colombia_30102100440	False
Colombia_30102100441-A	False
Colombia_30102100441-B	False
Colombia_30102100443-A	False
Colombia_30102100443-B	False
Colombia_30102100445	False
Colombia_30102100446	False
Colombia_30102100448	False
Colombia_30102100449	False
Colombia_30102100485	False
Colombia_30102100486	False
Colombia_30102100487	False
Colombia_30102100488	False
Colombia_30102100489	False
Colombia_30102100490	False
Colombia_30102100491	False
Colombia_30102100492	False
Colombia_30102100493	False
Colombia_30102100504	False
Colombia_30103103280	False
Colombia_30103103295	False
Colombia_30111110015	False
Colombia_30111110020	False
Colombia_30111110026	False
HT_1_144	False
HT_1_147	False
HT_1_153	False
HT_2_112	False
IVC09-BB-0012	False
IVC09-OM-0012	False
IVC09-OM-0015	False
IVC09-OM-0018	False
IVC09-OM-0032	False
IVC09-OM-0044	False
IVC09-OM-0046	False
IVC09-OM-0074	False
IVC09-OM-0076	False
IVC09-OM-0078	False
IVC09-OM-0092	False
IVC09-OM-0093	False
IVC09-OM-0099	False
IVC09-OM-0105	False
IVC09-OM-0108	False
IVC09-OM-0114	False
IVC09-OM-0115	False
IVC09-OM-0118	False
IVC09-OM-0124	False
IVC09-OM-0125	False
IVC09-OM-0141	False
IVC09-OM-0142	False
IVC09-OM-0143	False
IVC09-OM-0146	False
IVC09-OM-0164	False
IVC09-OM-0192	False
IVC09-OM-0208	False
IVC09-OM-0214	False
IVC09-OM-0220	False
IVC09-OM-0236	False
IVC09-OM-0244	False
IVC09-OM-0245	False
IVC10-BB-0014	False
IVC10-BB-0016	False
IVC10-BB-0017	False
IVC10-BB-0019	False
IVC10-BB-0021	False
IVC10-BB-0023	False
IVC10-BB-0034	False
IVC10-BB-0035	False
IVC10-OM-0269	False
IVC10-OM-0270	False
IVC10-OM-0271	False
IVC10-OM-0273	False
IVC10-OM-0275	False
IVC10-OM-0282	False
IVC10-OM-0283	False
IVC10-OM-0284	False
IVC10-OM-0292	False
IVC10-OM-0296	False
IVC10-OM-0299	False
IVC10-OM-0300	False
IVC10-OM-0302	False
IVC10-OM-0303	False
IVC10-OM-0304	False
IVC10-OM-0305	False
IVC10-OM-0310	False
IVC10-OM-0312	False
IVC10-OM-0313	False
IVC10-OM-0314	False
IVC10-OM-0317	False
IVC10-OM-0322	False
IVC10-OM-0325	False
IVC10-OM-0339	False
IVC10-OM-0342	False
IVC10-OM-0345	False
IVC11-KP-0014	False
IVC11-KP-0017	False
IVC11-KP-0034	False
IVC11-KP-0053	False
IVC11-OM-0346	False
IVC11-OM-0354	False
IVC11-OM-0355	False
IVC12-KP-0063	False
IVC12-KP-0067	False
IVC12-KP-0068	False
IVC12-KP-0070	False
IVC12-KP-0076	False
IndiaNYC	False
IndiaVII	False
JHC_1_208	False
JHC_2_100	False
JHC_2_216	False
MICH_1_72	False
MICH_2_71	False
Mexico_0202	False
Mexico_11402	False
Mexico_1203	False
Mexico_12400	False
Mexico_1302	False
Mexico_13107	False
Mexico_1504	False
Mexico_15302	False
Mexico_15502	False
Mexico_1905	False
Mexico_2003	False
Mexico_2008	False
Mexico_2202	False
Mexico_3902	False
Mexico_4304	False
Mexico_5002	False
Mexico_7401	False
Mexico_7503	False
Mexico_8301	False
Mexico_8302	False
Myanmar_LZCH-13	False
Myanmar_LZCH-20	False
Myanmar_LZCH-36	False
Myanmar_LZCH-4	False
Myanmar_NB-13-1	False
Myanmar_NB-15	False
Myanmar_NB-16	False
Myanmar_NB-17	False
Nicaragua_462	False
NorthKorean	False
PD0165-C	True
PD0166-C	True
PD0167-C	True
PD0168-C	True
PD0169-C	True
PD0170-C	True
PD0171-C	True
PD0172-C	True
PD0173-C	True
PD0174-C	True
PD0175-C	True
PD0176-C	True
PD0177-C	True
PD0178-C	True
PD0179-C	True
PD0180-C	True
PD0181-C	True
PD0182-C	True
PD0183-C	True
PD0184-C	True
PD0593-C	True
PD0594-C	True
PD0595-C	True
PD0596-C	True
PD0597-C	True
PD0598-C	True
PD0599-C	True
PD0600-C	True
PD0601-C	True
PD0602-C	True
PD0603-C	True
PD0604-C	True
PD0605-C	True
PD0606-C	True
PD0607-C	True
PD0608-C	True
PD0609-C	True
PD0610-C	True
PD0611-C	True
PD0612-C	True
PD0613-C	True
PD0614-C	True
PD0615-C	True
PD0616-C	False
PD0617-C	True
PD0618-C	True
PD0619-C	True
PD0620-C	True
PD0622-C	False
PD0622-Cx	False
PD0623-C	True
PD0624-C	True
PD0625-C	True
PD0647-C	True
PD0661-C	True
PD0673-C	False
PD0674-C	True
PD0675-C	True
PD0676-C	True
PD0677-C	True
PD0678-C	True
PD0679-C	True
PD0680-C	True
PD0681-C	True
PD0682-CW	False
PD0683-C	False
PD0684-C	True
PD0685-C	True
PD0686-C	True
PD0687-C	True
PD0688-C	True
PD0689-C	True
PD0690-C	True
PD0691-C	True
PD0692-C	True
PD0693-C	True
PD0694-C	True
PD0695-C	True
PD0696-C	True
PD0697-C	True
PD0698-C	True
PD0699-C	True
PD0700-C	True
PD0701-C	True
PD0702-C	True
PD0703-C	True
PD0704-C	True
PD0705-C	True
PD0706-C	True
PD0707-C	True
PD0708-C	True
PD0709-C	True
PD0710-C	True
PD0711-C	True
PD0712-C	True
PD0713-C	True
PD0714-C	True
PD0715-C	True
PD1519-C	False
PD1520-C	False
PD1521-C	False
PD1522-C	False
PD1526-C	False
PD1529-C	False
PD1530-C	False
PD1531-C	False
PD1532-C	False
PD1534-C	False
PH0066-CW	False
PH0067-C	True
PH0068-C	True
PH0069-C	False
PH0072-C	False
PH0073-CW	False
PH0075-C	True
PH0076-C	False
PH0078-CW	False
PH0079-CW	False
PH0081-CW	False
PH0082-C	False
PH0083-C	False
PH0084-CW	False
PH0085-C	False
PH0086-C	True
PH0087-CW	False
PH0089-C	True
PH0090-CW	False
PH0096-CW	False
PH0098-C	True
PH0099-CW	False
PH0100-C	False
PH0177-C	True
PH0178-C	True
PH0180-C	True
PH0181-CW	False
PH0182-C	True
PH0184-C	True
PH0185-CW	False
PH0186-CW	False
PH0187-C	True
PH0188-C	True
PH0189-C	True
PH0190-C	True
PH0309-C	True
PH0310-C	True
PH0311-CW	False
PH0312-C	True
PH0313-C	True
PH0315-C	True
PH0316-C	True
PH0317-C	True
PH0318-C	True
PH0319-C	True
PH0320-C	True
PH1075-C	False
PH1076-C	False
PH1077-C	False
PH1078-C	True
PH1079-C	False
PH1080-C	False
PH1082-C	False
PH1083-C	False
PH1084-C	True
PH1109-C	True
PH1110-C	False
PH1111-C	True
PH1112-C	True
PH1113-C	True
PH1114-C	False
PH1115-C	True
PH1116-C	True
PH1117-C	True
PH1118-C	False
PH1119-C	True
PH1120-C	False
PH1121-C	True
PH1122-C	False
PH1123-C	False
PH1124-C	True
PH1125-C	True
PH1126-C	True
PH1127-C	False
PH1128-C	False
PH1129-C	False
PH1130-C	False
PH1131-C	True
PH1132-C	True
PH1133-C	True
PH1134-C	False
PH1135-C	True
PJ0004-C	True
PJ0005-C	True
PJ0006-C	True
PJ0006-CW	True
PJ0007-C	True
PJ0008-C	True
PJ0009-C	True
PJ0010-C	True
PJ0011-C	True
PJ0012-CW	False
PJ0012-Cx	True
PJ0013-C	True
PJ0014-C	False
PJ0016-C	True
PJ0017-C	False
PJ0018-C	True
PJ0019-CW	False
PJ0020-CW	False
PJ0021-CW	False
PJ0022-CW	False
PJ0024-C	False
PJ0025-C	True
PJ0026-CW	False
PJ0027-C	True
PJ0028-C	False
PJ0030-C	True
PJ0031-C	True
PJ0032-C	True
PJ0033-C	True
PJ0034-CW	False
PJ0034-CWx	False
PJ0035-C	True
PJ0036-CW	False
PJ0037-C	True
PJ0038-CW	False
PJ0038-Cx	True
PJ0041-C	True
PJ0042-C	True
PJ0043-C	True
PJ0044-CW	False
PJ0046-C	False
PJ0046-Cx	True
PJ0047-C	True
PJ0048-CW	False
PJ0049-C	True
PJ0052-CW	False
PJ0054-CW	False
PJ0054-Cx	True
PJ0055-C	True
PJ0056-CW	False
PJ0057-C	True
PJ0058-CW	False
PJ0059-C	True
PJ0060-C	True
PJ0061-CW	False
PJ0062-C	True
PJ0063-C	True
PJ0065-C	True
PJ0066-C	False
PJ0067-CW	False
PJ0067-CWx	False
PJ0068-C	True
PJ0069-CW	False
PJ0069-Cx	True
PJ0070-CW	False
PJ0070-Cx	True
PJ0071-C	True
PJ0072-C	True
PJ0073-C	False
PJ0074-C	True
PJ0075-CW	False
PJ0075-Cx	True
PJ0076-CW	False
PJ0077-CW	False
PJ0078-C	True
PJ0079-C	True
PJ0080-C	False
PJ0081-CW	False
PJ0082-C	True
PJ0083-C	True
PJ0084-CW	False
PJ0084-Cx	True
PJ0085-C	True
PJ0086-C	True
PJ0087-CW	False
PJ0088-Cx	True
PJ0089-CW	False
PJ0090-CW	False
PJ0090-Cx	True
PJ0091-CW	False
PJ0092-C	False
PJ0093-C	False
PJ0094-CW	False
PJ0096-C	False
PJ0097-C	True
PJ0098-C	True
PJ0099-C	True
PJ0100-CW	False
PJ0102-CW	False
PJ0102-CWx	False
PJ0103-CW	False
PJ0103-CWx	False
PJ0104-CW	False
PJ0106-CW	False
PJ0106-Cx	True
PJ0110-CW	False
PJ0111-CW	False
PJ0112-CW	False
PJ0113-CW	False
PJ0114-CW	False
PJ0117-CW	False
PJ0117-Cx	True
PJ0118-C	False
PJ0119-C	False
PJ0120-C	True
PJ0121-C	False
PJ0122-C	True
PJ0123-C	True
PJ0124-C	True
PJ0125-CW	False
PJ0126-C	False
PJ0127-CW	False
PJ0127-Cx	True
PJ0128-C	False
PJ0132-Cx	False
PJ0165-C	False
PJ0166-C	True
PJ0167-C	True
PJ0273-C	False
PJ0274-C	False
PJ0275-C	False
PJ0276-C	False
PJ0277-C	False
PJ0278-C	False
PJ0279-C	False
PJ0280-C	False
PJ0281-C	False
PJ0282-C	False
PJ0283-C	False
PJ0284-C	False
PJ0285-C	False
PJ0286-C	False
PJ0287-C	False
PJ0288-C	False
PJ0289-C	False
PJ0290-C	False
PJ0291-C	False
PJ0292-C	False
PJ0293-C	False
PJ0294-C	False
PJ0295-C	False
PJ0296-C	False
PJ0297-C	False
PJ0298-C	False
PJ0299-C	False
PJ0300-C	False
PJ0301-C	False
PJ0302-C	False
PJ0303-C	False
PJ0304-C	False
PJ0305-C	False
PJ0307-C	False
PJ0308-C	False
PJ0309-C	False
PJ0310-C	False
PJ0311-C	False
PJ0312-C	False
PJ0313-C	False
PJ0314-C	False
PJ0315-C	False
PJ0316-C	False
PJ0317-C	False
PJ0318-C	False
PJ0319-C	False
PJ0320-C	False
PJ0321-C	False
PJ0322-C	False
PJ0323-C	False
PJ0324-C	False
PN0017-CW	False
PN0046-C	True
PN0047-CW	False
PN0048-C	True
PN0050-C	True
PN0051-C	False
PN0065-C	True
PN0065-Cx	True
PN0066-C	False
PN0067-C	False
PN0067-Cx	True
PN0068-C	False
PN0068-Cx	True
PN0069-C	False
PN0070-C	False
PN0071-C	False
PN0071-CW	False
PN0072-C	False
PN0072-CW	False
PN0092-CW	False
PN0094-C	False
PN0095-C	True
PN0096-C	False
PNG012	False
PNG014	False
PNG025	False
PNG030	False
PNG045	False
PNG063	False
PNG070	False
PNG076	False
PNG163	False
PNG172	False
PNG175	False
PNG49	False
PNG58	False
PNG72	False
PNG73	False
PNG90	False
PNG_PVRVL1991	False
PNG_PVRVL1997	False
PNG_PVRVL2000	False
PNG_PVRVL2003	False
PNG_PVXMQ2006	False
PNG_PVXMW2006	False
PNG_PVXMZ2010	False
PNG_chesson	False
PP0031-C	False
PP0033-C	False
PP0035-C	False
PP0036-C	False
PP0039-C	False
PP0065-CW	False
PP0078-CW	False
PP0096-CW	False
PP0097-C	False
PP0131-C	False
PP0135-CW	False
PP0150-C	False
PP0151-C	False
PP0156-C	False
PQ0001-C	False
PQ0002-C	True
PQ0003-C	True
PQ0005-C	False
PQ0008-C	True
PQ0011-CW	False
PQ0012-CW	False
PQ0013-CW	False
PQ0014-CW	False
PQ0015-CW	False
PQ0016-CW	False
PR0168-CW	False
PR0169-C	False
PR0170-C	False
PR0172-C	False
PR0173-C	False
PR0174-CW	False
PR0175-C	False
PR0176-C	False
PR0177-C	False
PR0178-C	False
PR0180-C	False
PR0181-C	False
PR0184-CW	False
PR0185-CW	False
PR0187-C	False
PR0190-CW	False
PR0191-C	False
PR0192-C	False
PR0193-C	False
PR0195-C	False
PR0196-C	False
PR0198-C	False
PR0200-C	False
PR0202-C	False
PR0206-C	False
PR0207-C	False
PR0208-C	False
PR0209-C	False
PS0002-CW	True
PS0002-CWx	False
PV0053-C	True
PV0054-C	True
PV0055-CW	False
PV0056-C	True
PV0060-C	False
PV0061-C	True
PV0062-C	True
PV0063-CW	False
PV0064-C	False
PV0067-C	True
PV0071-C	True
PV0072-C	True
PV0074-C	True
PV0341-C	False
PW0018-CW	False
PW0019-CW	False
PW0020-CW	False
PW0021-C	False
PW0022-C	False
PW0023-C	False
PW0024-C	False
PW0025-C	False
PW0026-C	False
PW0027-C	False
PW0028-CW	False
PW0029-C	False
PW0030-C	False
PW0031-CW	False
PW0032-C	False
PW0033-C	False
PW0034-C	False
PW0035-C	False
PW0036-CW	False
PW0037-C	False
PW0038-C	False
PW0039-C	False
PW0040-C	False
PX0001-C	False
PX0001-CW	True
PX0002-C	False
PX0003-C	False
PY0001-C	True
PY0002-C	True
PY0004-C	True
PY0005-C	True
PY0006-C	False
PY0010-CW	False
PY0018-C	True
PY0019-C	True
PY0020-C	False
PY0021-C	False
PY0022-C	False
PY0023-C	False
PY0023-CW	False
PY0024-C	False
PY0026-C	False
PY0027-C	False
PY0029-C	False
PY0032-C	False
PY0033-C	False
PY0034-C	False
PY0035-C	False
PY0036-C	False
PY0039-C	False
PY0041-C	False
PY0042-C	False
PY0043-CX	False
PY0044-C	False
PY0044-CX	False
PY0045-C	False
PY0048-C	False
PY0050-C	False
PY0051-C	False
PY0053-C	False
PY0054-C	False
PY0055-C	False
PY0056-C	False
PY0057-C	False
PY0058-C	False
PY0059-C	False
PY0060-C	False
PY0061-C	False
PY0062-C	False
PY0064-C	False
PY0065-C	False
PY0066-C	False
PY0067-C	False
PY0068-C	False
PY0069-C	False
PY0072-C	False
PY0073-C	False
PY0074-C	False
PY0075-C	False
PY0076-C	False
PY0077-C	False
PY0077-CW	False
PY0079-C	False
PY0081-C	False
PY0082-C	False
PY0085-C	False
PY0086-C	False
PY0087-C	False
PY0088-C	False
PY0089-C	False
PY0090-C	False
PY0091-C	False
PY0092-C	False
PY0092-CW	False
PY0093-C	False
PY0094-C	False
PY0096-C	False
PY0096-CW	False
PY0097-C	False
PY0098-C	False
PY0099-C	False
PY0100-C	False
PY0100-CW	False
PY0100-Cx	False
PY0101-C	False
PY0102-C	False
PY0103-C	False
PY0105-C	False
PY0107-C	False
PY0108-C	False
PY0109-C	False
PY0109-CWx	False
PY0109-Cx	False
PY0111-Cx	False
PY0112-C	False
PY0114-C	False
PY0115-C	False
PY0115-CW	False
PY0116-C	False
PY0117-C	False
PY0118-C	False
PY0119-C	False
PY0120-C	False
PY0121-C	False
PY0124-C	False
PY0125-C	False
PY0126-C	False
PY0127-C	False
PY0130-C	False
PY0131-C	False
PY0145-C	False
PY0152-C	False
PY0180-C	False
Panama_458	False
Peru00622	False
Peru00692	False
Peru00699	False
Peru01	False
Peru02	False
Peru03	False
Peru04	False
Peru05	False
Peru06	False
Peru07	False
Peru08	False
Peru0839	False
Peru09	False
Peru10	False
Peru1008	False
Peru1021	False
Peru1022	False
Peru2025	False
Peru257	False
Peru258	False
Peru259	False
Peru260	False
Peru261	False
Peru262	False
Peru3043_D0	False
Peru3043_D106	False
Peru3043_D87	False
Peru3133	False
Peru3136	False
Peru3232	False
Peru3270_D0	False
Peru3270_D43	False
Peru3270_D59	False
Peru3280	False
Peru3323	False
Peru4017	False
Peru4023	False
Peru612	False
Peru697	False
Peru721	False
Peru791	False
Peru830	False
Peru852	False
Peru858	False
Peru869	False
Peru872	False
Peru99622	False
QC0234-C	True
QH0001-CW	False
QM0003-C	True
QN0001-C	True
QN0002-C	False
QN0003-C	False
QN0004-C	False
QN0005-C	False
QR0001-C	False
QR0002-CW	False
QR0004-C	False
QR0007-C	False
QR0008-C	False
QR0011-C	False
QR0012-C	False
QR0015-C	False
QR0018-C	False
QS0001-C	False
QS0002-C	False
QS0003-C	False
QS0004-C	False
QS0005-C	False
QS0006-C	False
QS0009-C	False
QS0011-C	False
QS0012-C	False
QS0013-C	False
QS0014-C	False
QS0015-C	False
QS0016-C	False
QS0018-C	False
QS0020-C	False
QS0023-C	False
QS0024-C	False
QS0025-C	False
QS0027-C	False
QS0028-C	False
QS0029-C	False
QS0030-C	False
QS0031-C	False
QS0032-C	False
QS0033-C	False
QS0035-C	False
QS0037-C	False
QS0039-C	False
QS0041-C	False
QS0042-C	False
QS0044-C	False
QS0045-C	False
QS0046-C	False
QS0049-C	False
QS0051-C	False
QS0053-C	False
QS0055-C	False
QS0057-C	False
QS0058-C	False
QS0061-C	False
QS0062-C	False
QS0063-C	False
QS0066-C	False
QS0067-C	False
QS0068-C	False
QS0069-C	False
QS0070-C	False
QS0071-C	False
QS0072-C	False
QS0073-C	False
QS0074-C	False
QS0075-C	False
QS0076-C	False
QS0077-C	False
QS0078-C	False
QS0079-C	False
QS0080-C	False
QS0081-C	False
QS0082-C	False
QS0084-C	False
QS0085-C	False
QS0086-C	False
QS0088-C	False
QS0089-C	False
QS0090-C	False
QS0091-C	False
QS0092-C	False
QS0093-C	False
QS0094-C	False
QS0095-C	False
QS0096-C	False
QS0097-C	False
QS0098-C	False
QS0099-C	False
QS0100-C	False
QS0102-C	False
QS0103-C	False
QS0105-C	False
QS0106-C	False
QS0107-C	False
QS0108-C	False
QS0111-C	False
QS0113-C	False
QS0114-C	False
QS0118-C	False
QS0119-C	False
QS0120-C	False
QS0121-C	False
QS0122-C	False
QS0123-C	False
QS0124-C	False
QS0125-C	False
QS0130-C	False
QS0137-C	False
QS0138-C	False
QS0140-C	False
QS0141-C	False
QS0143-C	False
QS0146-C	False
QS0149-C	False
QS0151-C	False
QS0152-C	False
QS0171-C	False
QS0172-C	False
QS0173-C	False
QS0176-C	False
QS0177-C	False
QS0178-C	False
QS0179-C	False
QS0180-C	False
QS0181-C	False
QS0184-C	False
QS0185-C	False
QS0186-C	False
QS0187-C	False
QS0188-C	False
QS0189-C	False
QS0190-C	False
QS0191-C	False
QS0192-C	False
QS0193-C	False
QS0196-C	False
QS0197-C	False
QS0200-C	False
QX0001-C	False
QX0002-C	False
QX0003-C	False
QX0004-C	False
QX0005-C	False
QX0006-C	False
QX0007-C	False
QX0008-C	False
QX0009-C	False
QX0010-C	False
QX0011-C	False
QX0012-C	False
QX0013-C	False
QX0014-C	False
QX0015-C	False
SGH-1-331	False
SGH_1_337	False
SGH_1_355	False
SGH_1_357	False
SGH_1_358	False
SGH_1_359	False
SGH_1_360	False
SGH_1_361	False
SGH_2_103	False
SGH_2_108	False
Salvador_1	False
Thailand_Pakchong_460	False
Thailand_VKBT_100	False
Thailand_VKBT_101	False
Thailand_VKBT_58	False
Thailand_VKBT_71	False
Thailand_VKBT_72	False
Thailand_VKBT_73	False
Thailand_VKBT_75	False
Thailand_VKBT_94	False
Thailand_VKBT_95	False
Thailand_VKBT_98	False
Thailand_VKBT_99	False
Thailand_VKPR_11	False
Thailand_VKTS_36	False
Thailand_VKTS_37	False
Thailand_VKTS_38	False
Thailand_VKTS_39	False
Thailand_VKTS_45	False
Thailand_VKTS_46	False
Thailand_VKTS_52	False
Thailand__VKBT_106	False
VVX00848	False
VVX00853	False
VVX00855	False
VVX00857	False
VVX00863	False
VVX00864	False
VVX00869	False
VVX00895	False
VVX00897	False
VVX00912	False
VVX00943	False
VVX00948	False
VVX00949	False
VVX00951	False
VVX00953	False
VVX00954	False
VVX00955	False
VVX00958	False
VVX00959	False
VVX00960	False
VVX00961	False
VVX00962	False
VVX00963	False
VVX00964	False
VVX00969	False
VVX00971	False
VVX00972	False
VVX00973	False
VVX00974	False
VVX00975	False
VVX00976	False
VVX00977	False
VVX00978	False
VVX00979	False
VVX00980	False
VVX00981	False
VVX00982	False
VVX00983	False
VVX00984	False
VVX00986	False
VVX00987	False
VVX00988	False
VVX00989	False
VVX00990	False
VVX00991	False
VVX00992	False
VVX00993	False
VVX00994	False
VVX00995	False
VVX00996	False
VVX00997	False
VVX00998	False
VVX00999	False
VVX01000	False
VVX01001	False
VVX01002	False
VVX01008	False
VVX01012	False
VVX01019	False
VVX01021	False
VVX01023	False
VVX01024	False
VVX01026	False
VVX01027	False
VVX01028	False
VVX01030	False
VVX01032	False
VVX01035	False
VVX01038	False
VVX01040	False
VVX01053	False
VVX01054	False
VVX01055	False
VVX01056	False
VVX01057	False
VVX01058	False
VVX01065	False
VVX01067	False
VVX01069	False
VVX01071	False
VVX01077	False
VVX01078	False
VVX01082	False
VVX01084	False
VVX01087	False
VVX01101	False
VVX01103	False
VVX01107	False
VVX01108	False
VVX01109	False
VVX01110	False
VVX01111	False
VVX01112	False
VVX01113	False
VVX01114	False
VVX01125	False
VVX01126	False
VVX01127	False
VVX01130	False
VVX01133	False
VVX01136	False
VVX01137	False
VVX01138	False
VVX01139	False
VVX01140	False
VVX01141	False
VVX01142	False
VVX01143	False
VVX01145	False
VVX01146	False
VVX01147	False
VVX01148	False
VVX01150	False
VVX01151	False
VVX01152	False
VVX01153	False
VVX01154	False
VVX01155	False
VVX01156	False
VVX01158	False
VVX01159	False
VVX01161	False
VVX01162	False
VVX01163	False
VVX01164	False
VVX01166	False
VVX01177	False
VVX01185	False
VVX01192	False
VVX01195	False
VVX01200	False
VVX01204	False
VVX01205	False
VVX01207	False
VVX01209	False
VVX01213	False
VVX01217	False
VVX01227	False
VVX01242	False
VVX01249	False
VVX01250	False
VVX01251	False
VVX01252	False
VVX01253	False
VVX01254	False
VVX01258	False
VVX01261	False
VVX01263	False
VVX01264	False
VVX01266	False
VVX01267	False
VVX01268	False
VVX01269	False
VVX01270	False
VVX01272	False
VVX01274	False
VVX01275	False
VVX01276	False
VVX01277	False
VVX01278	False
VVX01279	False
VVX01280	False
VVX01281	False
VVX01282	False
VVX01283	False
VVX01284	False
VVX01286	False
VVX01287	False
VVX01288	False
VVX01289	False
VVX01290	False
VVX01291	False
VVX01292	False
VVX01294	False
VVX01295	False
VVX01301	False
VVX01302	False
VVX01303	False
VVX01304	False
VVX01306	False
VVX01307	False
VVX01308	False
VVX01309	False
VVX01310	False
VVX01311	False
VVX01312	False
VVX01317	False
VVX01318	False
VVX01319	False
VVX01321	False
VVX01326	False
VVX01327	False
VVX01332	False
VVX01337	False
VVX01341	False
VVX01344	False
VVX01346	False
VVX01350	False
VVX01356	False
VVX01357	False
VVX01358	False
VVX01362	False
VVX01364	False
VVX01366	False
VVX01367	False
VVX01373	False
VVX01376	False
VVX01378	False
VVX01379	False
VVX01380	False
VVX01386	False
VVX01388	False
VVX01390	False
VVX01391	False
VVX01392	False
VVX01393	False
VVX01394	False
VVX01395	False
VVX01396	False
VVX01398	False
VVX01400	False
VVX01401	False
VVX01402	False
VVX01403	False
VVX01404	False
VVX01408	False
VVX01409	False
VVX01410	False
VVX01411	False
VVX01412	False
VVX01413	False
VVX01414	False
VVX01415	False
VVX01416	False
VVX01417	False
VVX01419	False
VVX01421	False
VVX01427	False
VVX01428	False
VVX01432	False
VVX01437	False
VVX01439	False
VVX01445	False
VVX01449	False
VVX01455	False
VVX01456	False
VVX01457	False
VVX01459	False
VVX01461	False
VVX01462	False
VVX01465	False
VVX01466	False
VVX01467	False
VVX01468	False
VVX01474	False
VVX01525	False
VVX01541	False
VVX01542	False
VVX01545	False
VVX01606	False
VVX01607	False
VVX01610	False
VVX01611	False
VVX01612	False
VVX01614	False
VVX01619	False
VVX01623	False
VVX01624	False
VVX01626	False
VVX01627	False
VVX01628	False
VVX01629	False
VVX01630	False
VVX01631	False
VVX01632	False
VVX01633	False
VVX01635	False
VVX01636	False
VVX01638	False
VVX01639	False
VVX01640	False
VVX01642	False
VVX01643	False
VVX01644	False
VVX01645	False
VVX01647	False
VVX01648	False
VVX01650	False
VVX01651	False
VVX01653	False
VVX01654	False
VVX01657	False
VVX01658	False
VVX01659	False
VVX01660	False
VVX01661	False
VVX01662	False
VVX01663	False
VVX01664	False
VVX01665	False
VVX01667	False
VVX01668	False
VVX01669	False
VVX01670	False
VVX01671	False
VVX01672	False
VVX01673	False
VVX01674	False
VVX01675	False
VVX01676	False
VVX01677	False
VVX01678	False
VVX01679	False
VVX01680	False
VVX01682	False
VVX01683	False
VVX01684	False
VVX01685	False
VVX01686	False
VVX01687	False
VVX01688	False
VVX01689	False
VVX01690	False
VVX01691	False
VVX01692	False
VVX01693	False
VVX01694	False
VVX01695	False
VVX01696	False
VVX01697	False
VVX01698	False
VVX01699	False
VVX01702	False
VVX01703	False
VVX01704	False
VVX01706	False
VVX01707	False
VVX01709	False
VVX01710	False
VVX01711	False
VVX01712	False
VVX01713	False
VVX01714	False
VVX01715	False
VVX01716	False
VVX01718	False
VVX01719	False
VVX01720	False
VVX01721	False
VVX01723	False
VVX01724	False
VVX01725	False
VVX01727	False
VVX01729	False
VVX01731	False
VVX01732	False
VVX01733	False
VVX01734	False
VVX01735	False
VVX01736	False
VVX01738	False
VVX01739	False
VVX01740	False
VVX01741	False
VVX01743	False
VVX01744	False
VVX01746	False
VVX01747	False
VVX01748	False
VVX01749	False
VVX01750	False
VVX01751	False
VVX01752	False
VVX01753	False
VVX01755	False
VVX01772	False
VVX01773	False
VVX01782	False
VVX01786	False
VVX01793	False
VVX01799	False
VVX01806	False
VVX01812	False
VVX01814	False
VVX01815	False
VVX01873	False
VVX01886	False
VVX01890	False
VVX01893	False
VVX01896	False
VVX01897	False
VVX01898	False
VVX01899	False
VVX01902	False
VVX01903	False
VVX01905	False
VVX01906	False
VVX01907	False
VVX01908	False
VVX01913	False
VVX01915	False
VVX01916	False
VVX01920	False
VVX01922	False
VVX01923	False
VVX01924	False
VVX01925	False
VVX01926	False
VVX01927	False
VVX01933	False
VVX01936	False
VVX01938	False
VVX01943	False
VVX01944	False
VVX01945	False
VVX01946	False
VVX01947	False
VVX01948	False
VVX01949	False
VVX01950	False
VVX01951	False
VVX01953	False
VVX01954	False
VVX01955	False
VVX01956	False
VVX01958	False
VVX01959	False
VVX01961	False
VVX01962	False
VVX01964	False
VVX01965	False
VVX01966	False
VVX01967	False
VVX01968	False
VVX01969	False
VVX01970	False
VVX01971	False
VVX01972	False
VVX01973	False
VVX01974	False
VVX01975	False
VVX01978	False
VVX01979	False
VVX01980	False
VVX01981	False
VVX01983	False
VVX01984	False
VVX01986	False
VVX01987	False
VVX02316	False
VVX02317	False
VVX02318	False
VVX02319	False
VVX02320	False
VVX02321	False
VVX02323	False
VVX02324	False
VVX02325	False
VVX02326	False
VVX02327	False
VVX02328	False
VVX02329	False
VVX02330	False
VVX02331	False
VVX02332	False
VVX02333	False
VVX02334	False
VVX02335	False
VVX02336	False
VVX02337	False
VVX02340	False
VVX02341	False
VVX02343	False
VVX02345	False
VVX02346	False
VVX04272	False
VVX04273	False
VVX04274	False
VVX04275	False
VVX04276	False
VVX04277	False
VVX04278	False
VVX04279	False
VVX04280	False
VVX04281	False
VVX04282	False
VVX04283	False
VVX04284	False
VVX04285	False
VVX04286	False
VVX04287	False
VVX04288	False
VVX04289	False
VVX04290	False
VVX04291	False
VVX04292	False
VVX04293	False
VVX04295	False
VVX04297	False
VVX04298	False
VVX04300	False
VVX04302	False
VVX04304	False
VVX04305	False
VVX04306	False
VVX04307	False
VVX04308	False
VVX04310	False
VVX04311	False
VVX04313	False
VVX04314	False
VVX04315	False
VVX04316	False
VVX04317	False
VVX04318	False
VVX04319	False
VVX04321	False
VVX04322	False
VVX04323	False
VVX04324	False
VVX04325	False
VVX04326	False
VVX04327	False
VVX04328	False
VVX04329	False
VVX04330	False
VVX04331	False
VVX04332	False
VVX04333	False
VVX04334	False
VVX04335	False
VVX04336	False
VVX04337	False
VVX04338	False
VVX04339	False
VVX04340	False
VVX04341	False
VVX04342	False
VVX04343	False
VVX04344	False
VVX04345	False
VVX04346	False
VVX04347	False
VVX04350	False
VVX04351	False
VVX04353	False
VVX04354	False
VVX04355	False
VVX04356	False
VVX04357	False
VVX04358	False
VVX04359	False
VVX04360	False
VVX04361	False
VVX04362	False
VVX04363	False
VVX04369	False
VVX04377	False
VVX04381	False
VVX04383	False
VVX04384	False
VVX11700	False
VVX11701	False
VVX11702	False
VVX11703	False
VVX11704	False
VVX11706	False
VVX11709	False
VVX11710	False
VVX11711	False
VVX11712	False
VVX11713	False
VVX11714	False
VVX11715	False
VVX11718	False
VVX11719	False
VVX11720	False
VVX11721	False
VVX11722	False
VVX11723	False
VVX11724	False
VVX11725	False
VVX11726	False
VVX11727	False
VVX11728	False
VVX11730	False
VVX11733	False
VVX11734	False
VVX11735	False
VVX11736	False
VVX11737	False
VVX11738	False
VVX11739	False
VVX11741	False
VVX11742	False
VVX11743	False
VVX11744	False
VVX11745	False
VVX11746	False
VVX11748	False
VVX11749	False
VVX11750	False
VVX11751	False
VVX11752	False
VVX11753	False
VVX11754	False
VVX11756	False
VVX11759	False
VVX11761	False
VVX11762	False
VVX11763	False
VVX11764	False
VVX11771	False
VVX11772	False
VVX11773	False
VVX11774	False
VVX11778	False
VVX11779	False
VVX11781	False
VVX11782	False
VVX11783	False
VVX11785	False
VVX11786	False
VVX11787	False
VVX11788	False
VVX11789	False
VVX11791	False
VVX11792	False
VVX11794	False
VVX11795	False
VVX11798	False
VVX11799	False
VVX11800	False
VVX11801	False
VVX11802	False
VVX11803	False
VVX11805	False
VVX11806	False
VVX11809	False
VVX11810	False
VVX11816	False
VVX11818	False
VVX11820	False
VVX11821	False
VVX11822	False
VVX11823	False
VVX11824	False
VVX11825	False
VVX11827	False
VVX11828	False
VVX11829	False
VVX11830	False
VVX11833	False
VVX11836	False
VVX11838	False
VVX11841	False
VVX11843	False
VVX11845	False
VVX11846	False
VVX11847	False
VVX11848	False
VVX11849	False
VVX11850	False
VVX11851	False
VVX11852	False
VVX11854	False
VVX11856	False
VVX11857	False
VVX11860	False
VVX11863	False
VVX11866	False
VVX11869	False
VVX11870	False
VVX11873	False
VVX11874	False
VVX11875	False
VVX11879	False
VVX11882	False
VVX11883	False
VVX11885	False
VVX11887	False
VVX11888	False
VVX11891	False
VVX11892	False
VVX11893	False
VVX11894	False
VVX11895	False
VVX11896	False
VVX11897	False
VVX11898	False
VVX11899	False
VVX11903	False
VVX11904	False
VVX11905	False
VVX11906	False
VVX11907	False
VVX11908	False
VVX11909	False
VVX11910	False
VVX11911	False
VVX11912	False
VVX11913	False
VVX11914	False
VVX11915	False
VVX11916	False
VVX11917	False
VVX11919	False
VVX11920	False
VVX11922	False
VVX11923	False
VVX11924	False
VVX11925	False
VVX11926	False
VVX11927	False
VVX11928	False
VVX11930	False
VVX11931	False
VVX11932	False
VVX11934	False
VVX11935	False
VVX11936	False
VVX11937	False
VVX11939	False
VVX11940	False
VVX11941	False
VVX11942	False
VVX11943	False
VVX11945	False
VVX11946	False
VVX11948	False
VVX11949	False
VVX11950	False
VVX11951	False
VVX11952	False
VVX11954	False
VVX11955	False
VVX11956	False
VVX11957	False
VVX11958	False
VVX11959	False
VVX11960	False
VVX11961	False
VVX11962	False
VVX11963	False
VVX11964	False
VVX11966	False
VVX11967	False
VVX11968	False
VVX11969	False
VVX11970	False
VVX11971	False
VVX11972	False
VVX11973	False
VVX11974	False
VVX11975	False
VVX11977	False
VVX11978	False
VVX11979	False
VVX11980	False
VVX11981	False
VVX11982	False
VVX11983	False
VVX11985	False
VVX11986	False
VVX11987	False
VVX11988	False
VVX11989	False
VVX11990	False
VVX11991	False
VVX11992	False
VVX11993	False
VVX11994	False
VVX11995	False
VVX11996	False
VVX11997	False
VVX11998	False
VVX12000	False
VVX12001	False
VVX12005	False
VVX12006	False
VVX12007	False
VVX12008	False
VVX12009	False
VVX12010	False
VVX12011	False
VVX12013	False
VVX12014	False
VVX12015	False
VVX12016	False
VVX12017	False
VVX12018	False
VVX12019	False
VVX12020	False
VVX12022	False
VVX12023	False
VVX12024	False
VVX12026	False
VVX12027	False
VVX12028	False
VVX12029	False
VVX12030	False
VVX12031	False
VVX12032	False
VVX12035	False
VVX12036	False
VVX12037	False
VVX12038	False
VVX12039	False
VVX12040	False
VVX12041	False
VVX12042	False
VVX12045	False
VVX12046	False
VVX12050	False
VVX12052	False
VVX12053	False
VVX12055	False
VVX12058	False
VVX12063	False
VVX12075	False
VVX12077	False
VVX12078	False
VVX12079	False
VVX12080	False
VVX12082	False
VVX12083	False
VVX12084	False
VVX12086	False
VVX12090	False
VVX12095	False
VVX12102	False
VVX12105	False
VVX12112	False
VVX12113	False
VVX12116	False
VVX12118	False
VVX12126	False
VVX12127	False
VVX12128	False
VVX12129	False
VVX12133	False
VVX12136	False
VVX12139	False
VVX12145	False
VVX12150	False
VVX12151	False
VVX12155	False
VVX12156	False
Vietnam_ONG_461	False
cambodia127	False
cambodia15	False
cambodia8	False
india_C0924_Day_0	False
india_C0924_Day_2	False
india_C0960	False
india_C1019	False
india_C1021	False
india_C1039	False
india_C1050	False
india_C1060	False
malagasy15	False
malagasy19	False
malagasy8	False
mauritania	False
